{"schema":5,"addons":[{"id":"{bb6bc1bb-f824-4702-90cd-35e2fb24f25d}","icons":{"32":"https://addons.cdn.mozilla.net/user-media/addon_icons/92/92079-32.png?modified=1510928613","64":"https://addons.cdn.mozilla.net/user-media/addon_icons/92/92079-64.png?modified=1510928613"},"name":"Cookies Manager+","type":"extension","version":"1.14.3","repositoryStatus":4,"creator":{"name":"V@no","url":"https://addons.mozilla.org/en-US/firefox/user/vanowm/?src=api"},"description":"Cookies manager to view, edit and create new cookies. It also shows extra information about cookies, allows edit multiple cookies at once and backup/restore them.\nTHIS ADDON WILL NEVER SUPPORT FIREFOX 57+ USE WATERFOX OR PALEMOON INSTEAD","fullDescription":"The death of this addon and countless others (ultimately Firefox itself).\nThis addon is not and never will be compatible with Firefox 57, however it will remain compatible with Waterfox and Palemoon as long as they support \"Legacy\" extensions.\n\nThis extension was originally based on outdated (and probably abandoned) Add N Edit Cookies v0.2.1.3 by goodwill.\n\nNew in this branch compare to original Add N Edit Cookies:\n\n    total replacement for built-in cookie viewer (optional)\n    ability change domain, path and name of a cookie\n    ability edit multiple cookies at once\n    ability save as new or replace original cookie when domain, path or name changed\n    option for automatic monitoring cookies changes and updates information in window\n    option for filter auto apply while typing\n    customize what kind of cookie information you want to see, re-order, show/hide info fields and columns\n    export cookie information into clipboard or a file with use of customizable templates\n    backup/restore all or only selected cookies. When restoring selected cookies only information about these cookies will used from backup file, anything else will be ignored and no other cookies will be affected.\n    ability manually change expiration date directly at \"expire\" field, no more need select \"new date\"\n    \"Add cookie\" window automatically fills out domain and path fields based of selected cookie (if any)\n    pressing ESC key will close window\n    when selected a cookie and pressed ENTER will open edit cookie window, if pressed DEL will delete cookie\n    clicking on \"Cookies Manager+\" button/menu option will bring already opened window to the front.\n    window title is different when edit cookie or add new\n    most information fields are also available as list columns, which allow sort cookies by these columns\n    ability make window stay on top of all other FF windows\n    displays extra information about cookies, such as when it was created and last accessed\n    accessible-friendly (all thanks goes to Jonathan Ely for feedback and testing). Every feature is keyboard accessible and 95% working with JAWS screen reader (it seems it ignores labels on some dropdown menus)\n    automatically delete expired cookies\n    set content, send for, http only and expired fields of a cookie to read-only\n\n\nOnce installed, go to App button (orange button) -> Web Developer -> Cookies Manager+\nor\nTools -> Cookies Manager+.\nAlternatively you can add \"Cookies Manager+\" icon in a toolbar.\n\n\nQuestions, bug reports or feature requests please send to provided email (EMail) or post on support web site (GitHub Cookies Manager+)\n\n\nTo do list:\n- remove popup windows\n- combine cookies with the same host into groups, just like the default cookie manager has. Until then leave the built-in manager intact and allow user chose if they want use CM+ instead of built-in (will be added in v1.1)\n- add help section","isPlatformCompatible":true,"eula":null,"screenshots":[{"url":"https://addons.cdn.mozilla.net/user-media/previews/full/56/56084.png?src=api&modified=1468409539","width":"488","height":"350","thumbnailURL":"https://addons.cdn.mozilla.net/user-media/previews/thumbs/56/56084.png?src=api&modified=1468409539","thumbnailWidth":"200","thumbnailHeight":"143","caption":"Cookies list with context menu popup"},{"url":"https://addons.cdn.mozilla.net/user-media/previews/full/56/56082.png?src=api&modified=1468409539","width":"700","height":"353","thumbnailURL":"https://addons.cdn.mozilla.net/user-media/previews/thumbs/56/56082.png?src=api&modified=1468409539","thumbnailWidth":"200","thumbnailHeight":"100","caption":"Cookies list with all available columns and extra info"},{"url":"https://addons.cdn.mozilla.net/user-media/previews/full/55/55071.png?src=api&modified=1468409539","width":"509","height":"341","thumbnailURL":"https://addons.cdn.mozilla.net/user-media/previews/thumbs/55/55071.png?src=api&modified=1468409539","thumbnailWidth":"200","thumbnailHeight":"133","caption":"Edit cookie"},{"url":"https://addons.cdn.mozilla.net/user-media/previews/full/55/55073.png?src=api&modified=1468409539","width":"646","height":"403","thumbnailURL":"https://addons.cdn.mozilla.net/user-media/previews/thumbs/55/55073.png?src=api&modified=1468409539","thumbnailWidth":"200","thumbnailHeight":"124","caption":"Edit multiple cookies"},{"url":"https://addons.cdn.mozilla.net/user-media/previews/full/54/54980.png?src=api&modified=1468409539","width":"483","height":"254","thumbnailURL":"https://addons.cdn.mozilla.net/user-media/previews/thumbs/54/54980.png?src=api&modified=1468409539","thumbnailWidth":"200","thumbnailHeight":"105","caption":"Add cookie"},{"url":"https://addons.cdn.mozilla.net/user-media/previews/full/56/56089.png?src=api&modified=1468409539","width":"423","height":"154","thumbnailURL":"https://addons.cdn.mozilla.net/user-media/previews/thumbs/56/56089.png?src=api&modified=1468409539","thumbnailWidth":"200","thumbnailHeight":"72","caption":"Delete confirmation prompt (single cookie)"},{"url":"https://addons.cdn.mozilla.net/user-media/previews/full/56/56088.png?src=api&modified=1468409539","width":"423","height":"154","thumbnailURL":"https://addons.cdn.mozilla.net/user-media/previews/thumbs/56/56088.png?src=api&modified=1468409539","thumbnailWidth":"200","thumbnailHeight":"72","caption":"Delete confirmation prompt (multiple cookies)"},{"url":"https://addons.cdn.mozilla.net/user-media/previews/full/54/54983.png?src=api&modified=1468409539","width":"483","height":"255","thumbnailURL":"https://addons.cdn.mozilla.net/user-media/previews/thumbs/54/54983.png?src=api&modified=1468409539","thumbnailWidth":"200","thumbnailHeight":"105","caption":"Overwrite cookie confirmation prompt"},{"url":"https://addons.cdn.mozilla.net/user-media/previews/full/56/56083.png?src=api&modified=1468409539","width":"489","height":"351","thumbnailURL":"https://addons.cdn.mozilla.net/user-media/previews/thumbs/56/56083.png?src=api&modified=1468409539","thumbnailWidth":"200","thumbnailHeight":"143","caption":"Multiple cookies information"},{"url":"https://addons.cdn.mozilla.net/user-media/previews/full/56/56086.png?src=api&modified=1468409539","width":"417","height":"525","thumbnailURL":"https://addons.cdn.mozilla.net/user-media/previews/thumbs/56/56086.png?src=api&modified=1468409539","thumbnailWidth":"119","thumbnailHeight":"150","caption":"Options - General"},{"url":"https://addons.cdn.mozilla.net/user-media/previews/full/56/56087.png?src=api&modified=1468409539","width":"417","height":"525","thumbnailURL":"https://addons.cdn.mozilla.net/user-media/previews/thumbs/56/56087.png?src=api&modified=1468409539","thumbnailWidth":"119","thumbnailHeight":"150","caption":"Options - Cookie info"},{"url":"https://addons.cdn.mozilla.net/user-media/previews/full/56/56085.png?src=api&modified=1468409539","width":"417","height":"525","thumbnailURL":"https://addons.cdn.mozilla.net/user-media/previews/thumbs/56/56085.png?src=api&modified=1468409539","thumbnailWidth":"119","thumbnailHeight":"150","caption":"Options - Export"},{"url":"https://addons.cdn.mozilla.net/user-media/previews/full/56/56090.png?src=api&modified=1468409539","width":"655","height":"525","thumbnailURL":"https://addons.cdn.mozilla.net/user-media/previews/thumbs/56/56090.png?src=api&modified=1468409539","thumbnailWidth":"187","thumbnailHeight":"150","caption":"More options"}],"averageRating":5,"learnmoreURL":"https://addons.mozilla.org/en-US/firefox/addon/cookies-manager-plus/?src=api","homepageURL":"https://addons.mozilla.org/en-US/firefox/addon/cookies-manager-plus/?src=api","sourceURI":"https://addons.mozilla.org/firefox/downloads/file/687419/cookies_manager-1.14.3-fx.xpi?src=api","size":213295,"developerComments":"Changes log legend:\n+ Added\n! Fixed\n* Changed\n- Removed","reviewURL":"https://addons.mozilla.org/en-US/firefox/addon/cookies-manager-plus/reviews/?src=api","reviewCount":82,"totalDownloads":3024290,"weeklyDownloads":2112,"dailyUsers":116253,"updateDate":1500723951000,"supportURL":"http://goo.gl/lhabNN"},{"id":"{81BF1D23-5F17-408D-AC6B-BD6DF7CAF670}","icons":{"32":"https://addons.cdn.mozilla.net/user-media/addon_icons/3/3863-32.png?modified=1489062173","64":"https://addons.cdn.mozilla.net/user-media/addon_icons/3/3863-64.png?modified=1489062173"},"name":"iMacros for Firefox","type":"extension","version":"9.0.3","repositoryStatus":4,"creator":{"name":"Ipswitch, Inc.","url":"https://addons.mozilla.org/en-US/firefox/user/IpswitchInc/?src=api"},"description":"Automate Firefox. Record and replay repetitive tasks. If you're tired of manually visiting the same sites, filling out forms, downloading files and extracting data, then iMacros is for you! Save time, effort and money with iMacros browser automation!","fullDescription":"iMacros was designed to automate the most repetitive tasks on the web. If there’s an activity you have to do repeatedly, just record it in iMacros. The next time you need to do it, the entire macro will run at the click of a button! With iMacros, you can quickly and easily fill out web forms, remember passwords, create a webmail notifier, download files from other sites, scrape the Web (extract data from multiple sites), and more. You can keep the macros on your computer for your own use, or share them with others by embedding them on your homepage, blog, company intranet or any social bookmarking service. The uses are limited only by your imagination!\n\nHere are just a few examples of how you can use iMacros to automate your web browser.\n\n(1) Form Filler & Password Manager\n\nWith iMacros for Firefox, you no longer need to check the same sites every day, remembering passwords, and filling out web forms. iMacros is the only form filler that can autofill web forms that stretch over several pages. All information is stored in human-readable, plain text files that can be easily edited. Passwords are stored securely with 256-Bit encryption. Users memorize only one master password and iMacros remembers all the others, providing a truly automated login and form filling experience.\n\n(2) Automated Download & Upload\n\niMacros can automate the download of images, files, or entire pages (with or without images). In the other direction, it can automate the upload of data to websites. You can use variables inside the macros and import data from CSV files. iMacros includes a user agent switcher as well as image blocking functions. When combined and controlled with Javascript, the recorded macros can script even very complex tasks.\n\n(3) Data Extraction, Web Scraping/Mining & Enterprise Data Mash-Ups\n\nThe iMacros EXTRACT command automatically reads data from a website and exports it to CSV files – the exact opposite of filling out forms. iMacros includes full Unicode support and works with every language, including multi-byte languages such as Chinese. You can use this feature to download stock quotes, gather and compare web store prices, and more.\n\n(4) Web Testing\n\nWeb professionals can use iMacros for functional, performance, and regression testing of web applications. The built-in STOPWATCH command captures precise web page response times. iMacros also includes support for many AJAX elements.\n\n(5) Social Scripting (Bookmarklets)\n\nSharing your favorite iMacros with friends and colleagues is easy. Simply right-click the macro to add it as a bookmark, or select \"Run Everywhere\" and embed the complete macro in a simple link. You can send the link to others, or embed it on your homepage, blog, or company intranet. Instead of telling your site visitors how to fill out a form, let iMacros do it for them. All the information is stored inside the link as a text string, with nothing stored on our servers, which is why iMacros bookmarklets work on intranets too.\n\n(6) Other Uses\n\nFor more ideas on how to use iMacros, please visit www.imacros.net and/or our active support forum at forum.imacros.net.\n\niMacros is extremely versatile and can be combined with other extensions such as Greasemonkey, Web Developer, Firebug, Stylish, Download Statusbar, NoScript, PDF Download, Foxmarks, Fasterfox, All-in-One Sidebar, Megaupload, Foxyproxy, Flashblock and Adblock.\n\niMacros for Firefox is free for personal and commercial use. Download the add-on today to start simplifying your Web tasks and sharing your macros with others!\n\nSave time, effort and money with iMacros browser automation!","isPlatformCompatible":true,"eula":null,"screenshots":[{"url":"https://addons.cdn.mozilla.net/user-media/previews/full/10/10472.png?src=api&modified=1331218902","thumbnailURL":"https://addons.cdn.mozilla.net/user-media/previews/thumbs/10/10472.png?src=api&modified=1331218902","caption":"iMacros for Firefox"},{"url":"https://addons.cdn.mozilla.net/user-media/previews/full/10/10446.png?src=api&modified=1331218902","thumbnailURL":"https://addons.cdn.mozilla.net/user-media/previews/thumbs/10/10446.png?src=api&modified=1331218902","caption":"iMacros Sidebar (Press F8 to show or hide it)"},{"url":"https://addons.cdn.mozilla.net/user-media/previews/full/10/10654.png?src=api&modified=1331218902","thumbnailURL":"https://addons.cdn.mozilla.net/user-media/previews/thumbs/10/10654.png?src=api&modified=1331218902","caption":"Right-click to delete or rename the Internet macros"},{"url":"https://addons.cdn.mozilla.net/user-media/previews/full/10/10712.png?src=api&modified=1331218902","thumbnailURL":"https://addons.cdn.mozilla.net/user-media/previews/thumbs/10/10712.png?src=api&modified=1331218902","caption":"All activity is recorded in human-readable, html-like commands with full Unicode support."},{"url":"https://addons.cdn.mozilla.net/user-media/previews/full/10/10989.png?src=api&modified=1331218902","thumbnailURL":"https://addons.cdn.mozilla.net/user-media/previews/thumbs/10/10989.png?src=api&modified=1331218902","caption":"For maximum security, iMacros uses the Firefox Password Manager and stores passwords with 256-bit AES encryption."},{"url":"https://addons.cdn.mozilla.net/user-media/previews/full/14/14818.png?src=api&modified=1331218902","thumbnailURL":"https://addons.cdn.mozilla.net/user-media/previews/thumbs/14/14818.png?src=api&modified=1331218902","caption":"Add a reference to iMacros to your bookmarks or create a link with a \"built-in\" macro. You can email this link to your friends or colleagues and they can run the macro by just clicking on the link."},{"url":"https://addons.cdn.mozilla.net/user-media/previews/full/27/27139.png?src=api&modified=1331218902","width":"700","height":"479","thumbnailURL":"https://addons.cdn.mozilla.net/user-media/previews/thumbs/27/27139.png?src=api&modified=1331218902","thumbnailWidth":"200","thumbnailHeight":"137","caption":"iMacros on the Mac"},{"url":"https://addons.cdn.mozilla.net/user-media/previews/full/27/27140.png?src=api&modified=1331218902","width":"526","height":"226","thumbnailURL":"https://addons.cdn.mozilla.net/user-media/previews/thumbs/27/27140.png?src=api&modified=1331218902","thumbnailWidth":"200","thumbnailHeight":"85","caption":"Use iMacros as super bookmarks, and automate not only the login but the complete task (login, saving reports, uploading files,...)."},{"url":"https://addons.cdn.mozilla.net/user-media/previews/full/40/40297.png?src=api&modified=1331218902","width":"700","height":"331","thumbnailURL":"https://addons.cdn.mozilla.net/user-media/previews/thumbs/40/40297.png?src=api&modified=1331218902","thumbnailWidth":"200","thumbnailHeight":"94","caption":"iMacros Reviews"}],"averageRating":4,"learnmoreURL":"https://addons.mozilla.org/en-US/firefox/addon/imacros-for-firefox/?src=api","homepageURL":"http://www.imacros.net","sourceURI":"https://addons.mozilla.org/firefox/downloads/file/480538/imacros_for_firefox-9.0.3-fx.xpi?src=api","size":436289,"developerComments":"--------------------------------\nFIND A BUG OR NEED HELP? Please post your feedback at http://forum.imacros.net/viewforum.php?f=11 so we can help you, rather than reporting it here.\n--------------------------------","reviewURL":"https://addons.mozilla.org/en-US/firefox/addon/imacros-for-firefox/reviews/?src=api","reviewCount":810,"totalDownloads":18825807,"weeklyDownloads":26850,"dailyUsers":362863,"updateDate":1470757021000,"supportURL":"http://forum.imacros.net/viewforum.php?f=11"},{"id":"jid1-AVgCeF1zoVzMjA@jetpack","icons":{"32":"https://addons.cdn.mozilla.net/user-media/addon_icons/473/473878-32.png?modified=1474669212","64":"https://addons.cdn.mozilla.net/user-media/addon_icons/473/473878-64.png?modified=1474669212"},"name":"Random Agent Spoofer","type":"extension","version":"0.9.5.6","repositoryStatus":4,"creator":{"name":"dbyrne","url":"https://addons.mozilla.org/en-US/firefox/user/d_byrne/?src=api"},"description":"Rotates complete browser profiles ( from real browsers / devices ) at a user defined time interval. It includes many extra privacy enhancing options","fullDescription":"User Manual (WIP)\n\n    Profiles can be cycled at random or selected specifically. The random selection can be set to include all profiles, desktop profiles only, mobile profiles only or a specific OS family only eg Random Windows Browsers only. There is a large list of profiles which are generally updated for each release. Note: a profile is much more than a simple user agent string\n    The interval at which the random profiles are chosen can be selected when a random option has been selected. The interval can also be random, a specific time period or per session if not set. Note: the time interval dropdown is only shown when it is relevant, so only when a random option is selected\n    Profiles can be excluded from random selection by selecting the checkbox beside the specific profile. Note: the checkboxes only appear when a random option is selected as that is only when they apply\n    The choice of profile and time interval if set in addition to other choices persist between browser restarts unlike other such addons\n    In addition to using the panel to select profiles the RAS context menu item can also be used. The context menu can be toggled on or off in the about:addons page.\n    Note the context menu can only select and indicate selected random options, for selecting a specific profile the panel has to be used.\n    When the context menu is invoked over an email field a list of disposable email services are available to use. A temporary email will be generated and inserted into the email field and the associated temporary email site will be opened in a new tab\n    Notifications can be toggled on or off in the about:addons page\n    Options exist for headers such as the Disable Authorization, Enable DNT (Do Not Track), Spoof If-None-Match (ETags), Via and XFF spoofing, and referer options\n    The Accept headers sent are tailored to the currently selected profile to ensure they match\n    Different tailored Accept language headers can be chosen with an automatic fallback to an en-US variant if the language was not specified for a specific profile\n    Via and XFF ip addresses are validated in real time . Green for valid and red for invalid. Note: These options will not spoof your IP address!\n    Tailored profiles from real devices\n    A context menu based toggle system to quickly toggle the addon state. Red means everything is disabled profile spoofing, script injection and options, blue means profile spoofing, script injection and whatever options you chose are enabled and grey means your real profile is used, script injection and whatever options you chose are enabled\n\n\n\nAdditional options\n\n    Enable script injection\n    Time zone spoofing (UTC)\n    Screen size spoofing\n    Protect window.name\n    Disable canvas support\n    Limit tab history to 2\n    Limit detectable fonts\n    Disable local dom storage\n    Disable browsing and download history\n    Disable memory cache\n    Disable disk cache\n    Disable network cache\n    Enable geolocation using Google's or Mozilla's API\n    Disable link prefetching\n    Disable DNS prefetching\n    Disable webGL\n    Disable webRTC\n    Disable pdfjs\n    Disable search suggestions\n    Disable dom performance\n    Disable dom resource timing\n    Disable battery api\n    Disable gamepad api\n    Use click to play for plugins\n    Block active mixed content\n    Block display mixed content\n    Disable browser pings\n    Disable web beacons\n    Disable clipboard events\n    Disable context menu events\n    Enable tracking protection\n    Disable CSS visited links\n    Disable safe browsing (Google)\n    Disable safe browsing downloads check (Google)\n    Disable safe browsing malware check (Google)\n    Disable browser health reports\n    Disable health report uploads\n    Disable telemetry reports\n    Whitelist support including ability to toggle whitelist\n    A customizable whitelist profile\n    Whitelist rules section\n\n\nPlease report any issues or bugs at the project github page.\nBefore doing so read the bug reporting guidelines\n\nMore options will be added as time goes on\n\nIf you like this addon please rate it.\n\nIf you would like to donate with bitcoin you can use the address below\n1L44pgmZpeMsWsd24WgN6SJjEUARG5eY6G","isPlatformCompatible":true,"eula":null,"screenshots":[{"url":"https://addons.cdn.mozilla.net/user-media/previews/full/166/166834.png?src=api&modified=1451573087","width":"464","height":"525","thumbnailURL":"https://addons.cdn.mozilla.net/user-media/previews/thumbs/166/166834.png?src=api&modified=1451573087","thumbnailWidth":"133","thumbnailHeight":"150","caption":"The profile selection tab shows the expendable profile sections"},{"url":"https://addons.cdn.mozilla.net/user-media/previews/full/169/169873.png?src=api&modified=1451573088","width":"400","height":"525","thumbnailURL":"https://addons.cdn.mozilla.net/user-media/previews/thumbs/169/169873.png?src=api&modified=1451573088","thumbnailWidth":"114","thumbnailHeight":"150","caption":"RAS in the disabled state. Profile spoofing , script injection and all options are disabled in this state and restored when re-enabled using the context menu entry or about addons checkbox."},{"url":"https://addons.cdn.mozilla.net/user-media/previews/full/166/166830.png?src=api&modified=1451573087","width":"311","height":"171","thumbnailURL":"https://addons.cdn.mozilla.net/user-media/previews/thumbs/166/166830.png?src=api&modified=1451573087","thumbnailWidth":"200","thumbnailHeight":"110","caption":"Icon showing that profile spoofing is enabled. The tooltip displays the current selection."},{"url":"https://addons.cdn.mozilla.net/user-media/previews/full/166/166832.png?src=api&modified=1451573087","width":"240","height":"128","thumbnailURL":"https://addons.cdn.mozilla.net/user-media/previews/thumbs/166/166832.png?src=api&modified=1451573087","thumbnailWidth":"200","thumbnailHeight":"107","caption":"Icon showing that profile spoofing(only) is disabled. The real profile and all its attributes are used  when profile spoofing is disabled. All other options are still applied such as script injection options and those from the options tab"},{"url":"https://addons.cdn.mozilla.net/user-media/previews/full/166/166836.png?src=api&modified=1451573087","width":"427","height":"525","thumbnailURL":"https://addons.cdn.mozilla.net/user-media/previews/thumbs/166/166836.png?src=api&modified=1451573087","thumbnailWidth":"122","thumbnailHeight":"150","caption":"The exclude check boxes will only show when a random option has been selected as they are only used in that case."},{"url":"https://addons.cdn.mozilla.net/user-media/previews/full/166/166838.png?src=api&modified=1451573087","width":"433","height":"525","thumbnailURL":"https://addons.cdn.mozilla.net/user-media/previews/thumbs/166/166838.png?src=api&modified=1451573087","thumbnailWidth":"124","thumbnailHeight":"150","caption":"The IPs are validated in realtime (ipv4 only for now).\n\nThe accept headers are tailored to the currently selected profile so unchecking these will make you stand out."},{"url":"https://addons.cdn.mozilla.net/user-media/previews/full/169/169870.png?src=api&modified=1451573088","width":"408","height":"525","thumbnailURL":"https://addons.cdn.mozilla.net/user-media/previews/thumbs/169/169870.png?src=api&modified=1451573088","thumbnailWidth":"117","thumbnailHeight":"150","caption":"Script Injection Options"},{"url":"https://addons.cdn.mozilla.net/user-media/previews/full/166/166842.png?src=api&modified=1451573087","width":"426","height":"525","thumbnailURL":"https://addons.cdn.mozilla.net/user-media/previews/thumbs/166/166842.png?src=api&modified=1451573087","thumbnailWidth":"122","thumbnailHeight":"150","caption":"The standard options page contains lots of useful option such as disabling webgl."},{"url":"https://addons.cdn.mozilla.net/user-media/previews/full/169/169871.png?src=api&modified=1451573088","width":"425","height":"525","thumbnailURL":"https://addons.cdn.mozilla.net/user-media/previews/thumbs/169/169871.png?src=api&modified=1451573088","thumbnailWidth":"122","thumbnailHeight":"150","caption":"Whitelist Tab"},{"url":"https://addons.cdn.mozilla.net/user-media/previews/full/166/166846.png?src=api&modified=1451573087","width":"428","height":"525","thumbnailURL":"https://addons.cdn.mozilla.net/user-media/previews/thumbs/166/166846.png?src=api&modified=1451573087","thumbnailWidth":"122","thumbnailHeight":"150","caption":"The about page which contains useful information such as the user manual"},{"url":"https://addons.cdn.mozilla.net/user-media/previews/full/169/169872.png?src=api&modified=1451573088","width":"389","height":"500","thumbnailURL":"https://addons.cdn.mozilla.net/user-media/previews/thumbs/169/169872.png?src=api&modified=1451573088","thumbnailWidth":"117","thumbnailHeight":"150","caption":"RAS menu will show the current state and the selected random group in blue. If a specific profile has been selected  then all of the random groups will appear as grey as they are not selected."},{"url":"https://addons.cdn.mozilla.net/user-media/previews/full/166/166850.png?src=api&modified=1451573087","width":"486","height":"525","thumbnailURL":"https://addons.cdn.mozilla.net/user-media/previews/thumbs/166/166850.png?src=api&modified=1451573087","thumbnailWidth":"139","thumbnailHeight":"150","caption":"When the RAS context menu is invoked over an email field it has an option to use temporary email addresses for one time signups to help preserve your privacy"},{"url":"https://addons.cdn.mozilla.net/user-media/previews/full/166/166852.png?src=api&modified=1451573087","width":"700","height":"506","thumbnailURL":"https://addons.cdn.mozilla.net/user-media/previews/thumbs/166/166852.png?src=api&modified=1451573087","thumbnailWidth":"200","thumbnailHeight":"145","caption":"Other options that are unlikely to be changed very often."},{"url":"https://addons.cdn.mozilla.net/user-media/previews/full/166/166854.png?src=api&modified=1451573087","width":"456","height":"142","thumbnailURL":"https://addons.cdn.mozilla.net/user-media/previews/thumbs/166/166854.png?src=api&modified=1451573087","thumbnailWidth":"200","thumbnailHeight":"62","caption":"A notification on KDE. The appearance of the notifications is determined by the OS."}],"averageRating":4,"learnmoreURL":"https://addons.mozilla.org/en-US/firefox/addon/random-agent-spoofer/?src=api","homepageURL":"https://github.com/dillbyrne/random-agent-spoofer/","sourceURI":"https://addons.mozilla.org/firefox/downloads/file/507248/random_agent_spoofer-0.9.5.6-fx.xpi?src=api","size":122368,"developerComments":null,"reviewURL":"https://addons.mozilla.org/en-US/firefox/addon/random-agent-spoofer/reviews/?src=api","reviewCount":166,"totalDownloads":1017823,"weeklyDownloads":5237,"dailyUsers":94222,"updateDate":1474490209000,"supportURL":"https://github.com/dillbyrne/random-agent-spoofer/issues"},{"id":"@hoxx-vpn","icons":{"32":"https://addons.cdn.mozilla.net/user-media/addon_icons/680/680403-32.png?modified=1513606822","64":"https://addons.cdn.mozilla.net/user-media/addon_icons/680/680403-64.png?modified=1513606822"},"name":"Hoxx VPN Proxy","type":"extension","version":"3.1.2","repositoryStatus":4,"creator":{"name":"Hoxx Vpn","url":"https://addons.mozilla.org/en-US/firefox/user/hoxxvpn/?src=api"},"description":"Hoxx VPN Proxy service to unblock blocked websites, hide your location and encrypt your connection. Completely free.","fullDescription":"Most current version of Hoxx VPN works only on Firefox 57 and newer versions of Firefox.\nFor older Firefox versions: Download here\n\nHoxx VPN Service can be used to bypass filtered or blocked websites such as NetFlix, Hulu, Spotify or sites that have been blocked by your government or for licensing reasons. You can also use Hoxx VPN to hide your tracks and/or protect your personal information at public Wi-Fi locations.\n\nDid you know that public Internet locations are dangerous for your personal data? Bad people around you, on the same network can sniff out your personal information. This is possible because you are on the same network and you are supposed to trust each other. Why don’t you use hoxx to resolve this issue? Our VPN Servers can solve this problem for you with a few simple clicks.\n\nAll you need is a hoxx account and this plugin and you are good to go. Hoxx is FREE for everyone. We have over 100 servers all over the world.\n\nUnlock sites within seconds, take care of your Internet privacy, hide your location, and get protection from malicious websites.\n\nNo special configuration is required; all you need is a valid hoxx account and you can get started immediately. We do encrypt all your connections from browser to target site to prevent anyone from stealing your personal information, this also prevents other people from knowing what you are doing.\n\nEnjoy our premium VPN service.","isPlatformCompatible":true,"eula":null,"screenshots":[{"url":"https://addons.cdn.mozilla.net/user-media/previews/full/172/172334.png?src=api&modified=1458671759","width":"700","height":"438","thumbnailURL":"https://addons.cdn.mozilla.net/user-media/previews/thumbs/172/172334.png?src=api&modified=1458671759","thumbnailWidth":"200","thumbnailHeight":"125"},{"url":"https://addons.cdn.mozilla.net/user-media/previews/full/172/172332.png?src=api&modified=1458671759","width":"700","height":"438","thumbnailURL":"https://addons.cdn.mozilla.net/user-media/previews/thumbs/172/172332.png?src=api&modified=1458671759","thumbnailWidth":"200","thumbnailHeight":"125"},{"url":"https://addons.cdn.mozilla.net/user-media/previews/full/171/171852.png?src=api&modified=1458671759","width":"700","height":"438","thumbnailURL":"https://addons.cdn.mozilla.net/user-media/previews/thumbs/171/171852.png?src=api&modified=1458671759","thumbnailWidth":"200","thumbnailHeight":"125"},{"url":"https://addons.cdn.mozilla.net/user-media/previews/full/172/172333.png?src=api&modified=1458671759","width":"700","height":"438","thumbnailURL":"https://addons.cdn.mozilla.net/user-media/previews/thumbs/172/172333.png?src=api&modified=1458671759","thumbnailWidth":"200","thumbnailHeight":"125"},{"url":"https://addons.cdn.mozilla.net/user-media/previews/full/172/172335.png?src=api&modified=1458671759","width":"700","height":"517","thumbnailURL":"https://addons.cdn.mozilla.net/user-media/previews/thumbs/172/172335.png?src=api&modified=1458671759","thumbnailWidth":"200","thumbnailHeight":"148"},{"url":"https://addons.cdn.mozilla.net/user-media/previews/full/172/172336.png?src=api&modified=1458671763","width":"700","height":"280","thumbnailURL":"https://addons.cdn.mozilla.net/user-media/previews/thumbs/172/172336.png?src=api&modified=1458671763","thumbnailWidth":"200","thumbnailHeight":"80"}],"averageRating":5,"learnmoreURL":"https://addons.mozilla.org/en-US/firefox/addon/hoxx-vpn-proxy/?src=api","homepageURL":"https://hoxx.com","sourceURI":"https://addons.mozilla.org/firefox/downloads/file/815685/hoxx_vpn_proxy-3.1.2-an+fx-windows.xpi?src=api","size":1276596,"developerComments":null,"reviewURL":"https://addons.mozilla.org/en-US/firefox/addon/hoxx-vpn-proxy/reviews/?src=api","reviewCount":5179,"totalDownloads":4473497,"weeklyDownloads":50808,"dailyUsers":219346,"updateDate":1513603812000,"supportURL":"https://hoxx.com"}]}