{"schemaVersion":17,"addons":[{"id":"{972ce4c6-7e08-4474-a285-3208198ce6fd}","syncGUID":"tOxDkfOVZZil","location":"app-global","version":"41.0.2","type":"theme","internalName":"classic/1.0","updateURL":null,"updateKey":null,"optionsURL":null,"optionsType":null,"aboutURL":null,"iconURL":null,"icon64URL":null,"defaultLocale":{"name":"Default","description":"The default theme.","creator":"Mozilla","homepageURL":null,"contributors":["Mozilla Contributors"]},"visible":true,"active":true,"userDisabled":false,"appDisabled":false,"descriptor":"D:\\TooB\\FfOld3\\App\\firefox\\browser\\extensions\\{972ce4c6-7e08-4474-a285-3208198ce6fd}","installDate":1513770044493,"updateDate":1513770044493,"applyBackgroundUpdates":1,"skinnable":true,"size":22852,"sourceURI":null,"releaseNotesURI":null,"softDisabled":false,"foreignInstall":false,"hasBinaryComponents":false,"strictCompatibility":true,"locales":[],"targetApplications":[{"id":"{ec8030f7-c20a-464f-9b0e-13a3a9e97384}","minVersion":"41.0.2","maxVersion":"41.0.2"}],"targetPlatforms":[]},{"id":"jid1-AVgCeF1zoVzMjA@jetpack","syncGUID":"c1HOgJYIm3R0","location":"app-profile","version":"0.9.5.6","type":"extension","internalName":null,"updateURL":null,"updateKey":null,"optionsURL":"data:text/xml,<placeholder/>","optionsType":"2","aboutURL":null,"iconURL":"resource://jid1-AVgCeF1zoVzMjA-at-jetpack/data/images/icon.png","icon64URL":null,"defaultLocale":{"name":"Random Agent Spoofer","description":"Allows the use of various browser profiles (including useragent ,platform, oscpu, accept headers and other options), which it can randomly switch between after a chosen period of time has expired","creator":"dbyrne","homepageURL":"https://github.com/dillbyrne/random-agent-spoofer"},"visible":true,"active":true,"userDisabled":false,"appDisabled":false,"descriptor":"D:\\TooB\\FfOld3\\Data\\profile\\extensions\\jid1-AVgCeF1zoVzMjA@jetpack.xpi","installDate":1513770201581,"updateDate":1513770201581,"applyBackgroundUpdates":1,"bootstrap":true,"size":501203,"sourceURI":"file:///D:/shared/Tool/random_agent_spoofer-0.9.5.6-fx.xpi","releaseNotesURI":null,"softDisabled":false,"foreignInstall":false,"hasBinaryComponents":false,"strictCompatibility":false,"locales":[],"targetApplications":[{"id":"{ec8030f7-c20a-464f-9b0e-13a3a9e97384}","minVersion":"38.0a1","maxVersion":"43.0"}],"targetPlatforms":[],"multiprocessCompatible":false,"signedState":2},{"id":"{81BF1D23-5F17-408D-AC6B-BD6DF7CAF670}","syncGUID":"52ozCcBHszeA","location":"app-profile","version":"8.9.7","type":"extension","internalName":null,"updateURL":null,"updateKey":null,"optionsURL":"chrome://imacros/content/options.xul","optionsType":null,"aboutURL":null,"iconURL":"chrome://imacros/skin/logo_32x32.png","icon64URL":null,"defaultLocale":{"name":"iMacros for Firefox","description":"Automate your web browser. Record and replay repetitious work.","creator":"iMacros, an Ipswitch Product","homepageURL":"http://www.iopus.com/imacros/firefox"},"visible":true,"active":true,"userDisabled":false,"appDisabled":false,"descriptor":"D:\\TooB\\FfOld3\\Data\\profile\\extensions\\{81BF1D23-5F17-408D-AC6B-BD6DF7CAF670}","installDate":1513770216798,"updateDate":1513770216798,"applyBackgroundUpdates":1,"bootstrap":false,"size":1220594,"sourceURI":"file:///D:/shared/Tool/imacros_for_firefox-8.9.7-fx.xpi","releaseNotesURI":null,"softDisabled":false,"foreignInstall":false,"hasBinaryComponents":false,"strictCompatibility":false,"locales":[],"targetApplications":[{"id":"{ec8030f7-c20a-464f-9b0e-13a3a9e97384}","minVersion":"30.0","maxVersion":"49.*"}],"targetPlatforms":[],"multiprocessCompatible":false,"signedState":-2},{"id":"{bb6bc1bb-f824-4702-90cd-35e2fb24f25d}","syncGUID":"mur0hwgGe2oi","location":"app-profile","version":"1.14.3","type":"extension","internalName":null,"updateURL":null,"updateKey":null,"optionsURL":"chrome://cookiesmanagerplus/content/options.xul","optionsType":null,"aboutURL":null,"iconURL":"chrome://cookiesmanagerplus/skin/images/coomanPlus32.png","icon64URL":null,"defaultLocale":{"name":"Cookies Manager+","description":"Cookies manager that allows view, edit and create cookies as well as edit multiple cookies at once and backup/restore them","creator":"V@no","homepageURL":"https://addons.mozilla.org/en-US/firefox/addon/cookies-manager-plus/","contributors":["Michael Ryabushkin - author before v0.3","Jonathan Ely - accessibility suggestions and testing"]},"visible":true,"active":true,"userDisabled":false,"appDisabled":false,"descriptor":"D:\\TooB\\FfOld3\\Data\\profile\\extensions\\{bb6bc1bb-f824-4702-90cd-35e2fb24f25d}","installDate":1513770667426,"updateDate":1513770667426,"applyBackgroundUpdates":1,"bootstrap":false,"size":746593,"sourceURI":"https://addons.mozilla.org/firefox/downloads/file/687419/cookies_manager-1.14.3-fx.xpi?src=version-history","releaseNotesURI":null,"softDisabled":false,"foreignInstall":false,"hasBinaryComponents":false,"strictCompatibility":false,"locales":[],"targetApplications":[{"id":"{ec8030f7-c20a-464f-9b0e-13a3a9e97384}","minVersion":"15.0","maxVersion":"56.*"},{"id":"{8de7fcbb-c55c-4fbe-bfc5-fc555c87dbc4}","minVersion":"15.0","maxVersion":"27.*"}],"targetPlatforms":[],"multiprocessCompatible":true,"signedState":2},{"id":"@hoxx-vpn","syncGUID":"RrZdJaDn3Rzd","location":"app-profile","version":"2.2.2","type":"extension","internalName":null,"updateURL":null,"updateKey":null,"optionsURL":null,"optionsType":null,"aboutURL":null,"iconURL":null,"icon64URL":null,"defaultLocale":{"name":"Hoxx VPN Proxy","description":"Hoxx VPN Proxy service to unblock blocked websites, hide your location and encrypt your connection. Completely free.","creator":"Hoxx VPN","homepageURL":null},"visible":true,"active":true,"userDisabled":false,"appDisabled":false,"descriptor":"D:\\TooB\\FfOld3\\Data\\profile\\extensions\\@hoxx-vpn.xpi","installDate":1513851133901,"updateDate":1513851133901,"applyBackgroundUpdates":1,"bootstrap":true,"size":3230902,"sourceURI":"https://addons.mozilla.org/firefox/downloads/file/710588/hoxx_vpn_proxy-2.2.2-an+fx-windows.xpi?src=version-history","releaseNotesURI":null,"softDisabled":false,"foreignInstall":false,"hasBinaryComponents":false,"strictCompatibility":false,"locales":[],"targetApplications":[{"id":"{ec8030f7-c20a-464f-9b0e-13a3a9e97384}","minVersion":"38.0a1","maxVersion":"*"},{"id":"{aa3c5121-dab2-40e2-81ca-7ea25febc110}","minVersion":"38.0a1","maxVersion":"*"}],"targetPlatforms":[],"multiprocessCompatible":true,"signedState":2}]}