{"chrome://browser/content/browser.xul":{"navigator-toolbox":{"iconsize":"small"},"main-window":{"width":"1152","height":"618","screenX":"384","screenY":"104","sizemode":"maximized"},"titlebar-placeholder-on-menubar-for-caption-buttons":{"width":"136.5"},"titlebar-placeholder-on-TabsToolbar-for-captions-buttons":{"width":"136.5"},"sidebar-box":{"src":"chrome://imacros/content/iMacrosSidebar.xul","width":""},"nav-bar":{"currentset":"urlbar-container,search-container,coomanPlus_button,bookmarks-menu-button,pocket-button,downloads-button,home-button,loop-button,action-button--jid1-avgcef1zovzmjajetpack-random-agent-spoofer,imacros-toggle-button"},"toolbar-menubar":{"currentset":"menubar-items"},"TabsToolbar":{"currentset":"tabbrowser-tabs,new-tab-button,alltabs-button"},"PersonalToolbar":{"currentset":"personal-bookmarks"},"addon-bar":{"currentset":"addonbar-closebutton,status-bar"},"sidebar-title":{"value":""}},"chrome://imacros/content/options.xul":{"imacros-options-dialog":{"lastSelected":"path-settings"}}}